keyword,language,category
القرآن الكريم,ar,primary
القرآن المجيد,ar,primary
قراءة القرآن الكريم,ar,reading
استماع القرآن الكريم,ar,audio
تلاوة القرآن,ar,audio
تفسير القرآن الكريم,ar,tafsir
ترجمة معاني القرآن,ar,translation
البحث في القرآن,ar,search
صفحات المصحف,ar,reading
المصحف الإلكتروني,ar,reading
تحميل المصحف PDF,ar,pdf
سور القرآن الكريم,ar,surah
آيات القرآن الكريم,ar,ayah
القرآن بالتجويد,ar,tajweed
القرآن بصوت السديس,ar,reciter
القرآن بصوت مشاري العفاسي,ar,reciter
القرآن بصوت ماهر المعيقلي,ar,reciter
القرآن بصوت ياسر الدوسري,ar,reciter
Quran online,en,primary
Holy Quran,en,primary
Quran recitation,en,audio
Quran translation,en,translation
Quran tafsir,en,tafsir
Quran PDF,en,pdf
